{
    "rectifyScale": 0,
    "img_size": [
        230,
        230
    ],
    "newCameraMatrixL": [
        [
            422.405746546847,
            0.0,
            156.902442872973
        ],
        [
            0.0,
            420.243102785672,
            140.736368661228
        ],
        [
            0.0,
            0.0,
            1.0
        ]
    ],
    "distL": [
        0.416156713165674,
        -0.359352233102458,
        0.0253594045870764,
        0.0626804884184784,
        0
    ],
    "newCameraMatrixR": [
        [
            427.618042938049,
            0.0,
            179.366843281373
        ],
        [
            0.0,
            415.816577815258,
            140.187087818416
        ],
        [
            0.0,
            0.0,
            1.0
        ]
    ],
    "distR": [
        0.371577388775735,
        -0.120827350734187,
        0.0165766013414438,
        0.0969680117970516,
        0
    ],
    "rot": [
        [
            0.999547951786733,
            0.0014384730499635,
            -0.0300303658690975
        ],
        [
            -0.00111768523207705,
            0.999942169698596,
            0.0106961693230344
        ],
        [
            0.030044015355297,
            -0.0106577696423574,
            0.999491755387498
        ]
    ],
    "trans": [
        [
            -1.9089461327329
        ],
        [
            0.0152433713675775
        ],
        [
            -0.256845735542792
        ]
    ]
}