{
    "rectifyScale": 0,
    "img_size": [
        230,
        230
    ],
    "newCameraMatrixL": [
        [
            348.286710651692,
            -4.97864292311917,
            121.459250808789
        ],
        [
            0.0,
            349.300599339348,
            96.8551186081115
        ],
        [
            0.0,
            0.0,
            1.0
        ]
    ],
    "distL": [
        0.169223226162665,
        0.541800289260114,
        -0.0173513484331754,
        0.0113588691599364,
        0
    ],
    "newCameraMatrixR": [
        [
            332.138843487073,
            2.94132628420674,
            110.367484383913
        ],
        [
            0.0,
            333.834173751735,
            117.490132953583
        ],
        [
            0.0,
            0.0,
            1.0
        ]
    ],
    "distR": [
        0.209723428087632,
        -0.727432573923219,
        0.00999822302304513,
        -0.0207572270897039,
        0
    ],
    "rot": [
        [
            0.999739539174981,
            -0.0117363043216791,
            0.0195732718538605
        ],
        [
            0.0123133350386083,
            0.999485227604978,
            -0.0296253536629001
        ],
        [
            -0.0192155039076047,
            0.0298586496729819,
            0.99936941390523
        ]
    ],
    "trans": [
        [
            -1.93893814754314
        ],
        [
            0.0249100458243169
        ],
        [
            -0.0797866278870903
        ]
    ]
}