{
    "rectifyScale": 0,
    "img_size": [
        230,
        230
    ],
    "newCameraMatrixL": [
        [
            346.200959077073,
            -0.263314881370196,
            104.471343648626
        ],
        [
            0.0,
            347.036274586812,
            98.6903192805615
        ],
        [
            0.0,
            0.0,
            1.0
        ]
    ],
    "distL": [
        0.081532348003735,
        0.921670315592101,
        -0.0190378737271561,
        -0.00740173727168603,
        -3.42056188209526
    ],
    "newCameraMatrixR": [
        [
            353.295965307679,
            2.5008075536403,
            114.267836299804
        ],
        [
            0.0,
            351.758568017277,
            126.944956471306
        ],
        [
            0.0,
            0.0,
            1.0
        ]
    ],
    "distR": [
        -0.108295465060987,
        4.91728628860787,
        0.0197901404856685,
        -0.0080876477355237,
        -19.4099234317109
    ],
    "rot": [
        [
            0.999985115508748,
            -0.00282475549189127,
            0.00466792431025553
        ],
        [
            0.00308772126670122,
            0.998350927071866,
            -0.0573227039847609
        ],
        [
            -0.0044983039397539,
            0.057336264014639,
            0.998344789183832
        ]
    ],
    "trans": [
        [
            -2.01945262978072
        ],
        [
            -0.0106965847171309
        ],
        [
            0.0619847117648353
        ]
    ]
}