{
    "rectifyScale": 0,
    "img_size": [
        230,
        230
    ],
    "newCameraMatrixL": [
        [
            373.402102492787,
            -4.64257355950326,
            120.746546803279
        ],
        [
            0.0,
            370.371226327135,
            117.209983779206
        ],
        [
            0.0,
            0.0,
            1.0
        ]
    ],
    "distL": [
        0.25484664657288,
        -0.187620772433066,
        -0.0023045550203566,
        0.0095673407536125,
        3.73587487698381
    ],
    "newCameraMatrixR": [
        [
            383.159363126046,
            -4.38923831184253,
            127.946972171901
        ],
        [
            0.0,
            376.72409108917,
            128.400146416412
        ],
        [
            0.0,
            0.0,
            1.0
        ]
    ],
    "distR": [
        0.164180117546579,
        1.13554141724516,
        0.0148904664395683,
        0.0135726620941386,
        -1.24142934029249
    ],
    "rot": [
        [
            0.999995385740873,
            -0.00134347071941501,
            -0.00272462536668022
        ],
        [
            0.00128742518630608,
            0.999789670099573,
            -0.0204684659556209
        ],
        [
            0.00275155108118085,
            0.0204648637574947,
            0.999786786429004
        ]
    ],
    "trans": [
        [
            -2.01272575090674
        ],
        [
            0.0546065678246297
        ],
        [
            0.112907741806079
        ]
    ]
}