{
    "rectifyScale": 0,
    "img_size": [220,220],
    "newCameraMatrixL": [
        [353.814153696409, 0.0 ,148.329890510743],
        [0.0, 341.889723820762, 90.3044423559113],
        [0.0, 0.0 ,1.0]
    ],
    "distL": [0.414070691123799, -2.569734178371,
        -0.0439045180451157, 0.0537367745243646,
        10.8895296601434
    ],
    "newCameraMatrixR": [
        [355.192191816395, 0.0, 82.3496601464834],
        [0.0, 343.440125538946, 132.220972970852],
        [0.0, 0.0, 1.0]
    ],
    "distR": [
        0.690298347849354, -3.34172894920571,
        0.0435020635009937, -0.085065317739693,
        12.4083123187247
    ],
    "rot": [
        [0.993569686227706, 0.00680633565472751, 0.113017487161647],
        [0.00594924361554299, 0.993674122145685, -0.112144306491257],
        [-0.113065844134207, 0.112095551976683, 0.98724399320394]
    ],
    "trans": [
        [2.0364552141354],
        [0.00868024499567493],
        [-0.101315651205142]
    ]
}